{
  "project_info": {
    "project_number": "908803227853",
    "firebase_url": "https://the-ham-test-server.firebaseio.com",
    "project_id": "the-ham-test-server",
    "storage_bucket": "the-ham-test-server.appspot.com"
  },
  "client": [
    {
      "client_info": {
        "mobilesdk_app_id": "1:908803227853:android:3d4b75b90ef2b26bb56984",
        "android_client_info": {
          "package_name": "com.example.theham"
        }
      },
      "oauth_client": [
        {
          "client_id": "908803227853-4654plv9rao6iejo4786to4guogknudi.apps.googleusercontent.com",
          "client_type": 3
        }
      ],
      "api_key": [
        {
          "current_key": "AIzaSyCoqH31_Ljl13vsn_kSLf0SwI0fZXBWSBY"
        }
      ],
      "services": {
        "appinvite_service": {
          "other_platform_oauth_client": [
            {
              "client_id": "908803227853-4654plv9rao6iejo4786to4guogknudi.apps.googleusercontent.com",
              "client_type": 3
            }
          ]
        }
      }
    }
  ],
  "configuration_version": "1"
}